{
  "train_loss": [
    0.3518253426128912,
    0.2270465453918432,
    0.14664327555114026
  ],
  "train_acc": [
    0.8771876271876272,
    0.9236874236874237,
    0.9537545787545788
  ],
  "val_loss": [
    0.3001065076171578,
    0.29218696541600414,
    0.3081998983760933
  ],
  "val_acc": [
    0.9037444037444038,
    0.9063899063899064,
    0.9065934065934066
  ]
}